ImageName,Actual_cellTypeName,Predicted_cellTypeName
3075.png,epithelial,epithelial
8212.png,epithelial,epithelial
10037.png,others,epithelial
18369.png,inflammatory,inflammatory
71.png,inflammatory,inflammatory
3770.png,fibroblast,fibroblast
4827.png,epithelial,epithelial
3162.png,epithelial,epithelial
16546.png,inflammatory,inflammatory
11750.png,others,inflammatory
8825.png,epithelial,epithelial
17793.png,others,inflammatory
17230.png,inflammatory,inflammatory
17081.png,inflammatory,inflammatory
11803.png,epithelial,epithelial
368.png,others,epithelial
13487.png,inflammatory,epithelial
20542.png,fibroblast,fibroblast
1443.png,epithelial,epithelial
532.png,epithelial,epithelial
510.png,epithelial,epithelial
13792.png,others,inflammatory
1372.png,inflammatory,inflammatory
509.png,epithelial,epithelial
11923.png,others,fibroblast
17411.png,others,others
4086.png,fibroblast,fibroblast
18972.png,fibroblast,inflammatory
3294.png,epithelial,inflammatory
8852.png,epithelial,epithelial
9133.png,inflammatory,inflammatory
13550.png,epithelial,epithelial
720.png,inflammatory,epithelial
16628.png,others,fibroblast
18191.png,inflammatory,inflammatory
12096.png,others,inflammatory
13986.png,epithelial,epithelial
3423.png,epithelial,epithelial
1175.png,epithelial,epithelial
17498.png,fibroblast,epithelial
3386.png,others,fibroblast
3.png,fibroblast,fibroblast
9121.png,inflammatory,inflammatory
13232.png,fibroblast,fibroblast
13280.png,others,fibroblast
9963.png,inflammatory,inflammatory
17003.png,inflammatory,inflammatory
18873.png,inflammatory,inflammatory
3206.png,epithelial,epithelial
15722.png,fibroblast,epithelial
8368.png,epithelial,epithelial
592.png,epithelial,inflammatory
16547.png,inflammatory,inflammatory
17222.png,inflammatory,epithelial
1343.png,epithelial,epithelial
18178.png,inflammatory,epithelial
531.png,epithelial,epithelial
18405.png,inflammatory,inflammatory
4360.png,epithelial,epithelial
18662.png,inflammatory,inflammatory
8239.png,epithelial,fibroblast
16752.png,others,others
8252.png,epithelial,epithelial
13255.png,inflammatory,inflammatory
19809.png,inflammatory,inflammatory
18146.png,inflammatory,inflammatory
1058.png,inflammatory,inflammatory
8753.png,epithelial,epithelial
1202.png,epithelial,epithelial
5557.png,epithelial,epithelial
18651.png,inflammatory,inflammatory
13871.png,others,fibroblast
18459.png,others,inflammatory
9030.png,fibroblast,inflammatory
16889.png,inflammatory,epithelial
18529.png,others,fibroblast
18931.png,inflammatory,inflammatory
16708.png,others,epithelial
22393.png,others,inflammatory
474.png,epithelial,epithelial
487.png,epithelial,epithelial
8776.png,epithelial,epithelial
7735.png,fibroblast,fibroblast
17524.png,fibroblast,epithelial
18373.png,inflammatory,inflammatory
20253.png,fibroblast,inflammatory
643.png,epithelial,epithelial
10227.png,epithelial,epithelial
18609.png,fibroblast,fibroblast
8056.png,epithelial,epithelial
17420.png,others,inflammatory
3470.png,epithelial,epithelial
9961.png,inflammatory,inflammatory
16938.png,inflammatory,inflammatory
563.png,epithelial,epithelial
18106.png,fibroblast,fibroblast
9138.png,inflammatory,inflammatory
9385.png,epithelial,epithelial
11973.png,epithelial,epithelial
3234.png,fibroblast,inflammatory
247.png,inflammatory,fibroblast
4325.png,epithelial,epithelial
12173.png,epithelial,epithelial
19888.png,inflammatory,epithelial
9181.png,epithelial,epithelial
853.png,inflammatory,inflammatory
1424.png,epithelial,epithelial
17761.png,others,fibroblast
1452.png,epithelial,epithelial
11322.png,epithelial,epithelial
19823.png,inflammatory,epithelial
628.png,epithelial,inflammatory
723.png,inflammatory,inflammatory
8603.png,epithelial,epithelial
22444.png,others,inflammatory
8622.png,epithelial,epithelial
10004.png,inflammatory,inflammatory
10177.png,fibroblast,fibroblast
19876.png,inflammatory,inflammatory
15788.png,inflammatory,epithelial
3629.png,epithelial,epithelial
17245.png,inflammatory,epithelial
5599.png,epithelial,epithelial
16689.png,others,epithelial
12026.png,inflammatory,inflammatory
22244.png,fibroblast,fibroblast
10044.png,epithelial,epithelial
3759.png,fibroblast,fibroblast
11367.png,epithelial,epithelial
4473.png,others,inflammatory
3540.png,epithelial,epithelial
20044.png,fibroblast,epithelial
9910.png,fibroblast,inflammatory
161.png,inflammatory,inflammatory
22369.png,others,inflammatory
4932.png,epithelial,epithelial
20167.png,fibroblast,fibroblast
9308.png,epithelial,epithelial
8374.png,epithelial,epithelial
20526.png,fibroblast,epithelial
575.png,epithelial,epithelial
17169.png,inflammatory,inflammatory
10158.png,fibroblast,epithelial
17319.png,others,others
8731.png,epithelial,epithelial
15960.png,inflammatory,inflammatory
8576.png,epithelial,epithelial
4194.png,inflammatory,fibroblast
8696.png,epithelial,epithelial
1042.png,inflammatory,inflammatory
9351.png,epithelial,epithelial
3812.png,epithelial,epithelial
8509.png,epithelial,epithelial
20320.png,fibroblast,fibroblast
3850.png,epithelial,inflammatory
19901.png,inflammatory,epithelial
13309.png,epithelial,epithelial
12129.png,epithelial,epithelial
8616.png,epithelial,epithelial
11801.png,epithelial,epithelial
16854.png,inflammatory,inflammatory
8219.png,epithelial,inflammatory
13964.png,epithelial,epithelial
17526.png,fibroblast,fibroblast
9166.png,inflammatory,inflammatory
8585.png,epithelial,epithelial
3571.png,epithelial,epithelial
19819.png,inflammatory,epithelial
4271.png,epithelial,epithelial
4609.png,epithelial,epithelial
4184.png,inflammatory,fibroblast
12186.png,epithelial,epithelial
13266.png,inflammatory,inflammatory
19911.png,inflammatory,inflammatory
18688.png,inflammatory,inflammatory
17289.png,inflammatory,inflammatory
18423.png,inflammatory,inflammatory
3562.png,epithelial,epithelial
18368.png,inflammatory,epithelial
20046.png,fibroblast,epithelial
574.png,epithelial,epithelial
9916.png,inflammatory,epithelial
19887.png,inflammatory,inflammatory
18708.png,inflammatory,inflammatory
4788.png,epithelial,epithelial
4109.png,inflammatory,inflammatory
8435.png,epithelial,epithelial
17366.png,others,inflammatory
10056.png,epithelial,epithelial
5534.png,epithelial,epithelial
9020.png,fibroblast,fibroblast
19900.png,inflammatory,epithelial
838.png,fibroblast,fibroblast
10196.png,fibroblast,fibroblast
13600.png,epithelial,epithelial
749.png,others,inflammatory
16982.png,inflammatory,inflammatory
4335.png,epithelial,epithelial
3023.png,fibroblast,fibroblast
9959.png,inflammatory,epithelial
1234.png,fibroblast,epithelial
18307.png,fibroblast,fibroblast
10091.png,epithelial,epithelial
4261.png,inflammatory,fibroblast
5003.png,epithelial,epithelial
8884.png,epithelial,epithelial
13367.png,fibroblast,epithelial
8712.png,epithelial,epithelial
789.png,epithelial,epithelial
3500.png,epithelial,epithelial
4771.png,epithelial,epithelial
20322.png,fibroblast,epithelial
20586.png,inflammatory,inflammatory
3004.png,fibroblast,fibroblast
3482.png,epithelial,epithelial
3784.png,inflammatory,inflammatory
381.png,others,epithelial
11998.png,epithelial,epithelial
21222.png,inflammatory,fibroblast
14026.png,epithelial,epithelial
18117.png,fibroblast,fibroblast
17731.png,inflammatory,inflammatory
8380.png,epithelial,epithelial
260.png,inflammatory,inflammatory
9255.png,fibroblast,fibroblast
3056.png,others,epithelial
779.png,epithelial,epithelial
13891.png,others,epithelial
10175.png,fibroblast,inflammatory
13353.png,fibroblast,epithelial
1431.png,epithelial,epithelial
8519.png,epithelial,epithelial
13267.png,inflammatory,inflammatory
1421.png,epithelial,epithelial
7689.png,fibroblast,fibroblast
765.png,epithelial,epithelial
4200.png,inflammatory,inflammatory
1590.png,epithelial,epithelial
4156.png,inflammatory,inflammatory
8563.png,epithelial,epithelial
12242.png,epithelial,epithelial
13366.png,fibroblast,fibroblast
3456.png,epithelial,fibroblast
3184.png,epithelial,epithelial
18672.png,inflammatory,inflammatory
12155.png,epithelial,epithelial
18170.png,inflammatory,epithelial
17580.png,inflammatory,inflammatory
8744.png,epithelial,epithelial
16760.png,others,others
13460.png,inflammatory,fibroblast
16697.png,others,fibroblast
982.png,epithelial,epithelial
10219.png,others,inflammatory
640.png,epithelial,epithelial
18338.png,fibroblast,fibroblast
11950.png,epithelial,epithelial
18571.png,others,others
4725.png,epithelial,epithelial
13801.png,others,epithelial
4779.png,epithelial,epithelial
16875.png,inflammatory,inflammatory
11295.png,inflammatory,inflammatory
3506.png,epithelial,epithelial
18549.png,others,fibroblast
4372.png,epithelial,epithelial
18990.png,fibroblast,fibroblast
13767.png,others,inflammatory
13529.png,epithelial,epithelial
18889.png,inflammatory,inflammatory
8855.png,epithelial,epithelial
16879.png,inflammatory,epithelial
12288.png,epithelial,epithelial
7830.png,inflammatory,inflammatory
22414.png,fibroblast,epithelial
17305.png,inflammatory,fibroblast
297.png,epithelial,epithelial
626.png,epithelial,epithelial
123.png,epithelial,epithelial
4553.png,epithelial,epithelial
8624.png,epithelial,epithelial
11340.png,epithelial,epithelial
18476.png,others,fibroblast
18143.png,inflammatory,inflammatory
18470.png,others,inflammatory
18669.png,inflammatory,inflammatory
4642.png,epithelial,epithelial
3392.png,others,epithelial
17458.png,fibroblast,fibroblast
8086.png,fibroblast,inflammatory
11364.png,epithelial,epithelial
8248.png,epithelial,epithelial
16803.png,fibroblast,fibroblast
667.png,epithelial,inflammatory
1386.png,others,inflammatory
7688.png,fibroblast,fibroblast
3838.png,epithelial,epithelial
13990.png,epithelial,epithelial
14051.png,epithelial,epithelial
8835.png,epithelial,epithelial
5590.png,epithelial,epithelial
17783.png,others,inflammatory
5585.png,epithelial,epithelial
20535.png,fibroblast,epithelial
3646.png,epithelial,epithelial
3032.png,fibroblast,inflammatory
15817.png,inflammatory,inflammatory
13924.png,epithelial,inflammatory
20404.png,others,fibroblast
10106.png,epithelial,epithelial
17089.png,inflammatory,epithelial
12034.png,inflammatory,inflammatory
902.png,inflammatory,epithelial
17045.png,inflammatory,inflammatory
1597.png,epithelial,epithelial
9365.png,epithelial,epithelial
451.png,epithelial,epithelial
16785.png,fibroblast,fibroblast
17256.png,fibroblast,inflammatory
255.png,inflammatory,fibroblast
11937.png,epithelial,epithelial
521.png,epithelial,epithelial
5652.png,epithelial,epithelial
16706.png,others,fibroblast
17017.png,inflammatory,inflammatory
12204.png,epithelial,epithelial
9312.png,epithelial,epithelial
12115.png,others,epithelial
8014.png,epithelial,epithelial
5606.png,epithelial,epithelial
13318.png,epithelial,epithelial
13252.png,inflammatory,inflammatory
13563.png,epithelial,epithelial
4025.png,epithelial,epithelial
22337.png,inflammatory,inflammatory
17301.png,inflammatory,inflammatory
7801.png,fibroblast,fibroblast
10134.png,epithelial,epithelial
8102.png,inflammatory,inflammatory
8217.png,epithelial,epithelial
3173.png,epithelial,epithelial
17180.png,inflammatory,inflammatory
3324.png,epithelial,epithelial
8350.png,epithelial,epithelial
461.png,epithelial,epithelial
1499.png,epithelial,epithelial
456.png,epithelial,epithelial
3783.png,inflammatory,inflammatory
9222.png,epithelial,epithelial
21112.png,fibroblast,fibroblast
11752.png,others,epithelial
965.png,epithelial,epithelial
544.png,epithelial,epithelial
14058.png,epithelial,epithelial
4128.png,inflammatory,inflammatory
13832.png,others,inflammatory
8761.png,epithelial,fibroblast
9435.png,epithelial,epithelial
8821.png,epithelial,epithelial
3952.png,fibroblast,epithelial
3385.png,others,inflammatory
17772.png,others,inflammatory
11273.png,fibroblast,fibroblast
7871.png,inflammatory,inflammatory
13890.png,others,epithelial
4028.png,epithelial,epithelial
229.png,inflammatory,inflammatory
12027.png,inflammatory,inflammatory
18683.png,inflammatory,inflammatory
11818.png,epithelial,epithelial
5517.png,epithelial,epithelial
22294.png,inflammatory,inflammatory
22298.png,inflammatory,inflammatory
10033.png,others,inflammatory
7859.png,inflammatory,inflammatory
8516.png,epithelial,epithelial
8596.png,epithelial,epithelial
19939.png,inflammatory,inflammatory
736.png,inflammatory,fibroblast
5010.png,epithelial,epithelial
3244.png,fibroblast,inflammatory
12086.png,others,epithelial
3602.png,epithelial,epithelial
464.png,epithelial,epithelial
12225.png,epithelial,epithelial
3513.png,epithelial,epithelial
16777.png,fibroblast,fibroblast
16721.png,others,fibroblast
846.png,fibroblast,epithelial
22263.png,fibroblast,fibroblast
8137.png,others,fibroblast
8777.png,epithelial,epithelial
13215.png,fibroblast,fibroblast
9266.png,inflammatory,fibroblast
15967.png,others,inflammatory
1608.png,epithelial,epithelial
12182.png,epithelial,epithelial
700.png,inflammatory,inflammatory
17368.png,others,others
18454.png,others,inflammatory
3285.png,epithelial,inflammatory
18156.png,inflammatory,inflammatory
8817.png,epithelial,epithelial
8997.png,fibroblast,fibroblast
1147.png,others,epithelial
4866.png,epithelial,epithelial
21193.png,inflammatory,inflammatory
13864.png,others,inflammatory
17492.png,fibroblast,inflammatory
15723.png,fibroblast,epithelial
3543.png,epithelial,epithelial
19897.png,inflammatory,inflammatory
18387.png,inflammatory,epithelial
8600.png,epithelial,epithelial
13970.png,epithelial,epithelial
7792.png,fibroblast,epithelial
8414.png,epithelial,inflammatory
11748.png,inflammatory,inflammatory
12003.png,epithelial,epithelial
9453.png,epithelial,epithelial
20190.png,fibroblast,fibroblast
319.png,inflammatory,epithelial
3161.png,epithelial,epithelial
12214.png,epithelial,epithelial
16801.png,fibroblast,inflammatory
16464.png,fibroblast,fibroblast
9052.png,fibroblast,fibroblast
11795.png,epithelial,epithelial
13429.png,inflammatory,inflammatory
11884.png,fibroblast,fibroblast
8179.png,epithelial,inflammatory
13623.png,epithelial,epithelial
21094.png,fibroblast,fibroblast
1320.png,epithelial,epithelial
785.png,epithelial,epithelial
3388.png,others,epithelial
20541.png,fibroblast,fibroblast
14083.png,epithelial,epithelial
16950.png,inflammatory,inflammatory
18359.png,inflammatory,inflammatory
7879.png,inflammatory,inflammatory
13678.png,inflammatory,inflammatory
7986.png,epithelial,epithelial
19925.png,inflammatory,epithelial
18308.png,fibroblast,fibroblast
9354.png,epithelial,epithelial
15781.png,inflammatory,inflammatory
17515.png,fibroblast,fibroblast
18963.png,fibroblast,fibroblast
11821.png,epithelial,epithelial
4752.png,epithelial,epithelial
18160.png,inflammatory,inflammatory
12255.png,epithelial,epithelial
1340.png,epithelial,epithelial
8760.png,epithelial,inflammatory
3447.png,epithelial,epithelial
18118.png,fibroblast,fibroblast
4329.png,epithelial,epithelial
18478.png,others,fibroblast
16822.png,fibroblast,fibroblast
13959.png,epithelial,epithelial
17286.png,inflammatory,fibroblast
4454.png,epithelial,epithelial
18989.png,fibroblast,epithelial
11315.png,epithelial,epithelial
9909.png,fibroblast,fibroblast
8343.png,epithelial,epithelial
16874.png,inflammatory,inflammatory
1483.png,epithelial,epithelial
17414.png,others,fibroblast
9962.png,inflammatory,inflammatory
11289.png,inflammatory,inflammatory
15731.png,fibroblast,fibroblast
5673.png,epithelial,epithelial
755.png,others,inflammatory
22307.png,inflammatory,inflammatory
8128.png,inflammatory,inflammatory
15710.png,fibroblast,epithelial
16646.png,others,fibroblast
18149.png,inflammatory,inflammatory
9095.png,inflammatory,inflammatory
9322.png,epithelial,epithelial
15708.png,others,inflammatory
7752.png,fibroblast,fibroblast
17459.png,fibroblast,fibroblast
3808.png,epithelial,epithelial
19880.png,inflammatory,inflammatory
17221.png,inflammatory,inflammatory
10031.png,others,inflammatory
20066.png,fibroblast,fibroblast
16826.png,fibroblast,inflammatory
9983.png,inflammatory,inflammatory
8918.png,epithelial,epithelial
2.png,fibroblast,fibroblast
1544.png,fibroblast,inflammatory
1434.png,epithelial,epithelial
18859.png,fibroblast,fibroblast
18448.png,others,inflammatory
4568.png,epithelial,epithelial
3609.png,epithelial,fibroblast
4469.png,fibroblast,inflammatory
13298.png,others,fibroblast
522.png,epithelial,epithelial
17170.png,inflammatory,epithelial
11802.png,epithelial,epithelial
13555.png,epithelial,epithelial
390.png,others,inflammatory
5477.png,fibroblast,fibroblast
9049.png,fibroblast,fibroblast
16806.png,fibroblast,fibroblast
8479.png,epithelial,epithelial
18844.png,fibroblast,fibroblast
13276.png,others,fibroblast
16445.png,fibroblast,fibroblast
13635.png,epithelial,epithelial
4138.png,inflammatory,inflammatory
11939.png,epithelial,epithelial
9421.png,epithelial,epithelial
11999.png,epithelial,epithelial
17163.png,inflammatory,inflammatory
17.png,fibroblast,fibroblast
14028.png,epithelial,epithelial
17388.png,others,fibroblast
7973.png,epithelial,epithelial
7828.png,inflammatory,fibroblast
18556.png,others,others
8891.png,epithelial,epithelial
3622.png,epithelial,epithelial
18203.png,others,epithelial
9217.png,epithelial,epithelial
19877.png,inflammatory,inflammatory
16957.png,inflammatory,inflammatory
17192.png,inflammatory,inflammatory
16858.png,inflammatory,inflammatory
4639.png,epithelial,epithelial
1407.png,others,epithelial
11804.png,epithelial,epithelial
5521.png,epithelial,epithelial
8359.png,epithelial,epithelial
15759.png,inflammatory,epithelial
12244.png,epithelial,inflammatory
18560.png,others,inflammatory
5485.png,fibroblast,inflammatory
1594.png,epithelial,epithelial
10112.png,epithelial,epithelial
17060.png,inflammatory,inflammatory
12265.png,epithelial,epithelial
3416.png,epithelial,epithelial
5006.png,epithelial,epithelial
8166.png,epithelial,epithelial
890.png,inflammatory,inflammatory
543.png,epithelial,epithelial
8433.png,epithelial,epithelial
19795.png,inflammatory,inflammatory
4529.png,epithelial,epithelial
16504.png,fibroblast,fibroblast
18954.png,others,epithelial
13606.png,epithelial,epithelial
20346.png,inflammatory,inflammatory
25.png,fibroblast,fibroblast
14030.png,epithelial,epithelial
18664.png,inflammatory,inflammatory
13618.png,epithelial,epithelial
17710.png,inflammatory,inflammatory
8909.png,epithelial,epithelial
1377.png,inflammatory,inflammatory
1331.png,epithelial,epithelial
12019.png,inflammatory,inflammatory
8560.png,epithelial,epithelial
10024.png,inflammatory,inflammatory
20347.png,inflammatory,inflammatory
4198.png,inflammatory,inflammatory
20064.png,fibroblast,fibroblast
8919.png,epithelial,epithelial
17362.png,others,inflammatory
665.png,epithelial,epithelial
8395.png,epithelial,epithelial
11977.png,epithelial,epithelial
3396.png,others,epithelial
8200.png,epithelial,epithelial
13268.png,inflammatory,inflammatory
10002.png,inflammatory,inflammatory
16590.png,others,epithelial
8897.png,epithelial,inflammatory
1362.png,fibroblast,epithelial
8862.png,epithelial,epithelial
4797.png,epithelial,epithelial
20269.png,fibroblast,epithelial
20569.png,fibroblast,others
1573.png,epithelial,epithelial
20134.png,fibroblast,others
19016.png,inflammatory,inflammatory
599.png,epithelial,epithelial
3504.png,epithelial,epithelial
14061.png,epithelial,epithelial
9369.png,epithelial,epithelial
4165.png,inflammatory,epithelial
17240.png,inflammatory,epithelial
1329.png,epithelial,epithelial
1185.png,epithelial,epithelial
317.png,inflammatory,epithelial
3580.png,epithelial,epithelial
16483.png,fibroblast,fibroblast
11811.png,epithelial,epithelial
20562.png,fibroblast,fibroblast
13561.png,epithelial,epithelial
19015.png,inflammatory,inflammatory
3780.png,inflammatory,inflammatory
7834.png,inflammatory,inflammatory
687.png,inflammatory,inflammatory
21214.png,inflammatory,inflammatory
367.png,others,epithelial
9097.png,inflammatory,inflammatory
18403.png,inflammatory,inflammatory
3318.png,epithelial,epithelial
11773.png,epithelial,epithelial
22358.png,others,inflammatory
1150.png,others,inflammatory
4816.png,epithelial,epithelial
3048.png,inflammatory,inflammatory
60.png,fibroblast,fibroblast
14064.png,epithelial,inflammatory
1485.png,epithelial,epithelial
12016.png,fibroblast,inflammatory
3159.png,epithelial,epithelial
10048.png,epithelial,epithelial
8915.png,epithelial,epithelial
18879.png,inflammatory,fibroblast
134.png,fibroblast,fibroblast
13352.png,fibroblast,epithelial
4624.png,epithelial,epithelial
11907.png,inflammatory,inflammatory
4802.png,epithelial,epithelial
8601.png,epithelial,epithelial
11927.png,epithelial,epithelial
9104.png,inflammatory,inflammatory
3452.png,epithelial,epithelial
20545.png,fibroblast,fibroblast
7685.png,fibroblast,fibroblast
8456.png,epithelial,epithelial
13524.png,epithelial,epithelial
1272.png,others,epithelial
7751.png,fibroblast,epithelial
17085.png,inflammatory,epithelial
13612.png,epithelial,epithelial
462.png,epithelial,epithelial
4855.png,epithelial,epithelial
22366.png,others,fibroblast
8364.png,epithelial,epithelial
3590.png,epithelial,epithelial
4588.png,epithelial,epithelial
19895.png,inflammatory,inflammatory
4508.png,epithelial,epithelial
4355.png,epithelial,epithelial
891.png,inflammatory,inflammatory
13492.png,inflammatory,inflammatory
8573.png,epithelial,epithelial
3799.png,epithelial,epithelial
13987.png,epithelial,epithelial
460.png,epithelial,epithelial
17782.png,others,inflammatory
8224.png,epithelial,fibroblast
22428.png,inflammatory,inflammatory
1294.png,others,epithelial
20052.png,fibroblast,inflammatory
12059.png,inflammatory,fibroblast
20246.png,fibroblast,epithelial
9207.png,epithelial,epithelial
1258.png,inflammatory,epithelial
490.png,epithelial,epithelial
17248.png,inflammatory,inflammatory
4248.png,inflammatory,inflammatory
16640.png,others,fibroblast
17111.png,inflammatory,inflammatory
57.png,fibroblast,fibroblast
4228.png,inflammatory,inflammatory
13725.png,others,inflammatory
7909.png,epithelial,epithelial
18562.png,others,inflammatory
271.png,others,inflammatory
20187.png,fibroblast,fibroblast
9900.png,fibroblast,fibroblast
3971.png,inflammatory,inflammatory
1517.png,fibroblast,fibroblast
295.png,epithelial,fibroblast
4579.png,epithelial,epithelial
3078.png,epithelial,epithelial
4242.png,inflammatory,fibroblast
3852.png,epithelial,epithelial
20236.png,fibroblast,fibroblast
16658.png,others,fibroblast
20287.png,inflammatory,epithelial
9343.png,epithelial,epithelial
3585.png,epithelial,epithelial
244.png,inflammatory,inflammatory
21104.png,fibroblast,fibroblast
7774.png,fibroblast,epithelial
19011.png,fibroblast,fibroblast
8673.png,others,epithelial
5555.png,epithelial,epithelial
3258.png,inflammatory,inflammatory
17023.png,inflammatory,inflammatory
20133.png,fibroblast,fibroblast
18720.png,others,inflammatory
8236.png,epithelial,epithelial
1039.png,inflammatory,inflammatory
13663.png,epithelial,epithelial
20095.png,fibroblast,epithelial
14062.png,epithelial,epithelial
20544.png,fibroblast,fibroblast
880.png,inflammatory,epithelial
16558.png,inflammatory,inflammatory
14029.png,epithelial,epithelial
16979.png,inflammatory,inflammatory
767.png,epithelial,epithelial
1428.png,epithelial,epithelial
18824.png,fibroblast,fibroblast
154.png,fibroblast,inflammatory
3229.png,fibroblast,fibroblast
16543.png,inflammatory,inflammatory
9034.png,fibroblast,epithelial
1341.png,epithelial,inflammatory
5586.png,epithelial,epithelial
1531.png,fibroblast,fibroblast
9148.png,inflammatory,inflammatory
1246.png,fibroblast,epithelial
17012.png,inflammatory,inflammatory
8037.png,epithelial,epithelial
17813.png,others,fibroblast
546.png,epithelial,epithelial
19921.png,inflammatory,epithelial
10036.png,others,epithelial
10124.png,epithelial,epithelial
1079.png,others,inflammatory
1469.png,epithelial,epithelial
17723.png,inflammatory,inflammatory
4241.png,inflammatory,inflammatory
788.png,epithelial,epithelial
18644.png,inflammatory,inflammatory
688.png,inflammatory,inflammatory
984.png,epithelial,epithelial
13410.png,fibroblast,epithelial
16553.png,inflammatory,inflammatory
672.png,fibroblast,fibroblast
12219.png,epithelial,epithelial
7954.png,epithelial,epithelial
16500.png,fibroblast,fibroblast
18542.png,others,epithelial
17247.png,inflammatory,inflammatory
20220.png,fibroblast,epithelial
20557.png,fibroblast,fibroblast
21073.png,fibroblast,fibroblast
18568.png,others,fibroblast
4378.png,epithelial,epithelial
19933.png,inflammatory,epithelial
4789.png,epithelial,epithelial
7740.png,fibroblast,inflammatory
17511.png,fibroblast,epithelial
4254.png,inflammatory,inflammatory
8674.png,others,epithelial
13583.png,epithelial,epithelial
79.png,others,inflammatory
10047.png,epithelial,epithelial
1007.png,epithelial,inflammatory
8790.png,epithelial,epithelial
8298.png,fibroblast,fibroblast
16533.png,inflammatory,inflammatory
13506.png,others,fibroblast
5529.png,epithelial,epithelial
1198.png,epithelial,fibroblast
3554.png,epithelial,epithelial
10032.png,others,inflammatory
15702.png,others,inflammatory
3022.png,fibroblast,epithelial
20338.png,inflammatory,inflammatory
14096.png,epithelial,epithelial
20183.png,fibroblast,inflammatory
4435.png,epithelial,epithelial
8023.png,epithelial,epithelial
20572.png,inflammatory,inflammatory
280.png,epithelial,epithelial
7725.png,fibroblast,fibroblast
3892.png,epithelial,epithelial
9297.png,epithelial,epithelial
21202.png,inflammatory,inflammatory
9396.png,epithelial,epithelial
11274.png,fibroblast,fibroblast
364.png,others,epithelial
4110.png,inflammatory,fibroblast
9192.png,epithelial,epithelial
1247.png,fibroblast,epithelial
20054.png,fibroblast,epithelial
13385.png,fibroblast,fibroblast
3519.png,epithelial,epithelial
21091.png,fibroblast,inflammatory
4375.png,epithelial,epithelial
9006.png,fibroblast,fibroblast
977.png,epithelial,inflammatory
347.png,inflammatory,inflammatory
21092.png,fibroblast,inflammatory
10121.png,epithelial,epithelial
5491.png,fibroblast,epithelial
10014.png,inflammatory,epithelial
892.png,inflammatory,inflammatory
17292.png,inflammatory,inflammatory
12012.png,fibroblast,epithelial
21209.png,inflammatory,inflammatory
997.png,epithelial,epithelial
13644.png,epithelial,epithelial
3036.png,inflammatory,epithelial
13261.png,inflammatory,inflammatory
3997.png,others,epithelial
16690.png,others,fibroblast
16491.png,fibroblast,fibroblast
174.png,inflammatory,inflammatory
4759.png,epithelial,epithelial
287.png,epithelial,epithelial
8847.png,epithelial,epithelial
745.png,inflammatory,inflammatory
21132.png,fibroblast,fibroblast
4617.png,epithelial,epithelial
7895.png,others,inflammatory
12083.png,others,epithelial
13889.png,others,inflammatory
13989.png,epithelial,inflammatory
21171.png,inflammatory,inflammatory
17322.png,others,epithelial
17779.png,others,inflammatory
888.png,inflammatory,inflammatory
7968.png,epithelial,epithelial
457.png,epithelial,epithelial
8927.png,epithelial,epithelial
17097.png,inflammatory,inflammatory
7890.png,inflammatory,inflammatory
22386.png,others,inflammatory
727.png,inflammatory,inflammatory
380.png,others,epithelial
366.png,others,epithelial
19912.png,inflammatory,inflammatory
1109.png,others,epithelial
4696.png,inflammatory,epithelial
8905.png,epithelial,epithelial
17732.png,inflammatory,inflammatory
1112.png,others,inflammatory
115.png,epithelial,epithelial
17698.png,fibroblast,fibroblast
17356.png,others,others
21218.png,inflammatory,inflammatory
8515.png,epithelial,epithelial
1009.png,epithelial,epithelial
13502.png,inflammatory,inflammatory
9132.png,inflammatory,fibroblast
651.png,epithelial,epithelial
12138.png,epithelial,epithelial
849.png,fibroblast,inflammatory
11983.png,epithelial,epithelial
1474.png,epithelial,epithelial
13823.png,others,epithelial
4703.png,inflammatory,epithelial
13912.png,epithelial,epithelial
18872.png,inflammatory,inflammatory
16729.png,others,fibroblast
11972.png,epithelial,epithelial
9007.png,fibroblast,epithelial
17110.png,inflammatory,inflammatory
8204.png,epithelial,epithelial
10071.png,epithelial,epithelial
13342.png,epithelial,epithelial
13780.png,others,fibroblast
18422.png,inflammatory,inflammatory
15794.png,inflammatory,fibroblast
7755.png,fibroblast,fibroblast
17099.png,inflammatory,epithelial
16634.png,others,fibroblast
15693.png,inflammatory,fibroblast
12144.png,epithelial,inflammatory
19044.png,inflammatory,inflammatory
4581.png,epithelial,epithelial
8824.png,epithelial,epithelial
1131.png,others,inflammatory
22311.png,inflammatory,fibroblast
1226.png,fibroblast,epithelial
3529.png,epithelial,epithelial
3301.png,epithelial,epithelial
9924.png,inflammatory,inflammatory
17037.png,inflammatory,inflammatory
7958.png,epithelial,epithelial
18135.png,inflammatory,fibroblast
5640.png,epithelial,epithelial
3254.png,fibroblast,fibroblast
4682.png,fibroblast,fibroblast
4352.png,epithelial,epithelial
3557.png,epithelial,epithelial
16460.png,fibroblast,fibroblast
7965.png,epithelial,epithelial
1539.png,fibroblast,epithelial
8787.png,epithelial,epithelial
4349.png,epithelial,epithelial
8521.png,epithelial,epithelial
7853.png,inflammatory,fibroblast
506.png,epithelial,epithelial
22334.png,inflammatory,fibroblast
4041.png,epithelial,epithelial
13811.png,others,inflammatory
16759.png,others,others
9295.png,epithelial,epithelial
9164.png,inflammatory,inflammatory
11966.png,epithelial,epithelial
20555.png,fibroblast,inflammatory
9238.png,epithelial,epithelial
13349.png,epithelial,fibroblast
1250.png,fibroblast,epithelial
753.png,others,epithelial
16681.png,others,fibroblast
4847.png,epithelial,inflammatory
17185.png,inflammatory,inflammatory
13455.png,inflammatory,inflammatory
876.png,inflammatory,inflammatory
20364.png,inflammatory,epithelial
18096.png,fibroblast,fibroblast
13806.png,others,epithelial
18910.png,inflammatory,inflammatory
17594.png,others,epithelial
803.png,epithelial,epithelial
20297.png,inflammatory,inflammatory
4031.png,epithelial,epithelial
3507.png,epithelial,epithelial
10222.png,epithelial,inflammatory
18982.png,fibroblast,fibroblast
13774.png,others,inflammatory
8181.png,epithelial,fibroblast
1023.png,epithelial,epithelial
4074.png,epithelial,epithelial
17197.png,inflammatory,inflammatory
7987.png,epithelial,epithelial
10159.png,fibroblast,epithelial
3809.png,epithelial,epithelial
3824.png,epithelial,epithelial
8752.png,epithelial,epithelial
4107.png,inflammatory,inflammatory
951.png,inflammatory,inflammatory
18594.png,fibroblast,inflammatory
292.png,epithelial,epithelial
8947.png,epithelial,epithelial
979.png,epithelial,fibroblast
1088.png,others,inflammatory
16489.png,fibroblast,fibroblast
13433.png,inflammatory,epithelial
16643.png,others,fibroblast
4491.png,epithelial,epithelial
17376.png,others,fibroblast
17226.png,inflammatory,inflammatory
20081.png,fibroblast,fibroblast
17190.png,inflammatory,inflammatory
4753.png,epithelial,epithelial
9281.png,epithelial,epithelial
1614.png,epithelial,epithelial
9026.png,fibroblast,inflammatory
12246.png,epithelial,epithelial
11949.png,epithelial,epithelial
249.png,inflammatory,inflammatory
3403.png,others,inflammatory
17212.png,inflammatory,inflammatory
18834.png,fibroblast,fibroblast
17174.png,inflammatory,fibroblast
8198.png,epithelial,epithelial
17583.png,inflammatory,inflammatory
8392.png,epithelial,epithelial
18391.png,inflammatory,inflammatory
1348.png,epithelial,epithelial
17701.png,fibroblast,fibroblast
15774.png,inflammatory,epithelial
3472.png,epithelial,epithelial
3345.png,epithelial,inflammatory
9036.png,fibroblast,inflammatory
5570.png,epithelial,epithelial
848.png,fibroblast,fibroblast
678.png,fibroblast,fibroblast
9248.png,epithelial,epithelial
5635.png,epithelial,fibroblast
11910.png,others,epithelial
16622.png,others,fibroblast
12014.png,fibroblast,inflammatory
7917.png,epithelial,epithelial
4550.png,epithelial,epithelial
13418.png,fibroblast,fibroblast
1235.png,fibroblast,epithelial
10083.png,epithelial,epithelial
4257.png,inflammatory,fibroblast
8226.png,epithelial,epithelial
4269.png,epithelial,epithelial
18974.png,fibroblast,epithelial
16861.png,inflammatory,inflammatory
17713.png,inflammatory,inflammatory
4364.png,epithelial,epithelial
754.png,others,inflammatory
12060.png,inflammatory,inflammatory
1468.png,epithelial,fibroblast
18194.png,inflammatory,inflammatory
7851.png,inflammatory,inflammatory
8814.png,epithelial,epithelial
17752.png,others,inflammatory
17536.png,inflammatory,inflammatory
13278.png,others,fibroblast
3097.png,epithelial,inflammatory
11877.png,fibroblast,epithelial
5550.png,epithelial,epithelial
8912.png,epithelial,epithelial
8867.png,epithelial,epithelial
20285.png,inflammatory,epithelial
8092.png,inflammatory,inflammatory
17558.png,inflammatory,epithelial
4537.png,epithelial,epithelial
3653.png,epithelial,epithelial
14019.png,epithelial,epithelial
20515.png,fibroblast,others
12147.png,epithelial,epithelial
18385.png,inflammatory,inflammatory
4104.png,inflammatory,inflammatory
9144.png,inflammatory,inflammatory
13727.png,others,inflammatory
3226.png,fibroblast,epithelial
13643.png,epithelial,epithelial
18163.png,inflammatory,inflammatory
3774.png,fibroblast,fibroblast
11844.png,epithelial,epithelial
8989.png,fibroblast,others
18625.png,fibroblast,fibroblast
149.png,fibroblast,fibroblast
12168.png,epithelial,epithelial
22383.png,others,inflammatory
3855.png,epithelial,epithelial
4520.png,epithelial,epithelial
4070.png,epithelial,inflammatory
13897.png,epithelial,epithelial
13660.png,epithelial,epithelial
3050.png,inflammatory,inflammatory
17384.png,others,inflammatory
17183.png,inflammatory,inflammatory
695.png,inflammatory,inflammatory
614.png,epithelial,epithelial
3998.png,others,others
8486.png,epithelial,epithelial
9214.png,epithelial,epithelial
20551.png,fibroblast,fibroblast
3886.png,epithelial,epithelial
207.png,inflammatory,inflammatory
375.png,others,inflammatory
8577.png,epithelial,epithelial
18716.png,others,fibroblast
9110.png,inflammatory,epithelial
3888.png,epithelial,epithelial
1004.png,epithelial,epithelial
17467.png,fibroblast,epithelial
18516.png,others,inflammatory
3003.png,fibroblast,fibroblast
22243.png,fibroblast,inflammatory
13242.png,fibroblast,fibroblast
4690.png,inflammatory,inflammatory
4083.png,fibroblast,fibroblast
12247.png,epithelial,epithelial
17303.png,inflammatory,inflammatory
19816.png,inflammatory,inflammatory
3010.png,fibroblast,fibroblast
18983.png,fibroblast,fibroblast
13419.png,fibroblast,fibroblast
8044.png,epithelial,epithelial
7818.png,inflammatory,inflammatory
17032.png,inflammatory,inflammatory
16898.png,inflammatory,inflammatory
475.png,epithelial,epithelial
9976.png,inflammatory,inflammatory
3203.png,epithelial,epithelial
4886.png,epithelial,epithelial
3227.png,fibroblast,epithelial
10226.png,epithelial,epithelial
5660.png,epithelial,epithelial
8764.png,epithelial,epithelial
18913.png,inflammatory,inflammatory
20314.png,fibroblast,epithelial
4895.png,epithelial,epithelial
16916.png,inflammatory,inflammatory
518.png,epithelial,epithelial
46.png,fibroblast,fibroblast
18115.png,fibroblast,fibroblast
1380.png,inflammatory,inflammatory
914.png,inflammatory,epithelial
18372.png,inflammatory,inflammatory
9973.png,inflammatory,inflammatory
734.png,inflammatory,inflammatory
8707.png,epithelial,epithelial
8168.png,epithelial,epithelial
11786.png,epithelial,epithelial
8284.png,epithelial,inflammatory
14025.png,epithelial,epithelial
637.png,epithelial,epithelial
12134.png,epithelial,epithelial
8156.png,epithelial,epithelial
5589.png,epithelial,epithelial
121.png,epithelial,epithelial
20362.png,inflammatory,inflammatory
13980.png,epithelial,inflammatory
1558.png,inflammatory,inflammatory
11809.png,epithelial,epithelial
3947.png,fibroblast,epithelial
13898.png,epithelial,epithelial
752.png,others,fibroblast
150.png,fibroblast,fibroblast
3980.png,others,others
18590.png,fibroblast,fibroblast
5007.png,epithelial,epithelial
10111.png,epithelial,epithelial
384.png,others,epithelial
9265.png,inflammatory,inflammatory
7737.png,fibroblast,fibroblast
19944.png,inflammatory,inflammatory
20072.png,fibroblast,fibroblast
17154.png,inflammatory,inflammatory
3932.png,epithelial,epithelial
718.png,inflammatory,epithelial
9397.png,epithelial,epithelial
21137.png,fibroblast,fibroblast
3986.png,others,others
21078.png,fibroblast,fibroblast
22365.png,others,inflammatory
3074.png,epithelial,epithelial
13400.png,fibroblast,fibroblast
10221.png,epithelial,epithelial
3781.png,inflammatory,inflammatory
3002.png,fibroblast,fibroblast
8703.png,epithelial,inflammatory
11862.png,fibroblast,fibroblast
4280.png,epithelial,fibroblast
19806.png,inflammatory,epithelial
5500.png,others,inflammatory
12235.png,epithelial,inflammatory
3402.png,others,others
18600.png,fibroblast,fibroblast
3383.png,others,epithelial
21176.png,inflammatory,inflammatory
8001.png,epithelial,epithelial
17815.png,others,inflammatory
8562.png,epithelial,epithelial
16965.png,inflammatory,inflammatory
15803.png,inflammatory,inflammatory
8201.png,epithelial,epithelial
9971.png,inflammatory,inflammatory
18970.png,fibroblast,inflammatory
3615.png,epithelial,epithelial
3577.png,epithelial,epithelial
18500.png,others,fibroblast
12171.png,epithelial,epithelial
17243.png,inflammatory,epithelial
828.png,epithelial,epithelial
1387.png,others,inflammatory
3460.png,epithelial,epithelial
16673.png,others,fibroblast
9991.png,inflammatory,epithelial
3533.png,epithelial,fibroblast
16978.png,inflammatory,inflammatory
329.png,inflammatory,inflammatory
4986.png,epithelial,epithelial
4843.png,epithelial,epithelial
16700.png,others,others
3573.png,epithelial,epithelial
12063.png,inflammatory,inflammatory
14033.png,epithelial,epithelial
4976.png,epithelial,epithelial
16695.png,others,fibroblast
30.png,fibroblast,fibroblast
4358.png,epithelial,epithelial
12166.png,epithelial,epithelial
385.png,others,inflammatory
469.png,epithelial,epithelial
7868.png,inflammatory,fibroblast
18483.png,others,fibroblast
18679.png,inflammatory,inflammatory
17401.png,others,inflammatory
3822.png,epithelial,epithelial
8297.png,fibroblast,fibroblast
13922.png,epithelial,inflammatory
323.png,inflammatory,epithelial
5551.png,epithelial,epithelial
239.png,inflammatory,inflammatory
18482.png,others,fibroblast
622.png,epithelial,epithelial
14079.png,epithelial,epithelial
17822.png,others,inflammatory
12254.png,epithelial,epithelial
3401.png,others,epithelial
842.png,fibroblast,inflammatory
4141.png,inflammatory,inflammatory
20210.png,fibroblast,fibroblast
411.png,others,epithelial
13951.png,epithelial,epithelial
136.png,fibroblast,fibroblast
986.png,epithelial,epithelial
8332.png,epithelial,epithelial
22308.png,inflammatory,fibroblast
337.png,inflammatory,inflammatory
14035.png,epithelial,epithelial
19020.png,inflammatory,inflammatory
1593.png,epithelial,epithelial
1500.png,epithelial,epithelial
10172.png,fibroblast,epithelial
5669.png,epithelial,epithelial
7713.png,fibroblast,fibroblast
13224.png,fibroblast,fibroblast
3791.png,others,epithelial
1374.png,inflammatory,inflammatory
19907.png,inflammatory,epithelial
845.png,fibroblast,epithelial
4657.png,epithelial,epithelial
8858.png,epithelial,epithelial
18707.png,inflammatory,inflammatory
8110.png,inflammatory,inflammatory
18711.png,inflammatory,inflammatory
8608.png,epithelial,epithelial
11842.png,epithelial,epithelial
21126.png,fibroblast,inflammatory
12258.png,epithelial,inflammatory
18523.png,others,fibroblast
16508.png,fibroblast,fibroblast
3628.png,epithelial,epithelial
13601.png,epithelial,epithelial
16795.png,fibroblast,inflammatory
17406.png,others,inflammatory
3516.png,epithelial,epithelial
17768.png,others,inflammatory
18505.png,others,fibroblast
21191.png,inflammatory,inflammatory
3122.png,epithelial,epithelial
1406.png,others,inflammatory
11342.png,epithelial,epithelial
16800.png,fibroblast,inflammatory
18975.png,fibroblast,fibroblast
20169.png,fibroblast,epithelial
80.png,epithelial,epithelial
8316.png,inflammatory,inflammatory
8437.png,epithelial,epithelial
16492.png,fibroblast,fibroblast
3787.png,inflammatory,fibroblast
4393.png,epithelial,epithelial
241.png,inflammatory,inflammatory
9058.png,fibroblast,fibroblast
20039.png,fibroblast,fibroblast
3793.png,epithelial,epithelial
17276.png,inflammatory,others
18098.png,fibroblast,fibroblast
17002.png,inflammatory,inflammatory
22347.png,inflammatory,inflammatory
9091.png,fibroblast,inflammatory
4161.png,inflammatory,epithelial
10066.png,epithelial,epithelial
19042.png,fibroblast,inflammatory
1181.png,epithelial,epithelial
1018.png,epithelial,epithelial
16772.png,fibroblast,fibroblast
3155.png,epithelial,inflammatory
4143.png,inflammatory,inflammatory
8755.png,epithelial,epithelial
3045.png,inflammatory,inflammatory
13894.png,epithelial,epithelial
7695.png,fibroblast,inflammatory
19953.png,others,inflammatory
3887.png,epithelial,epithelial
17144.png,inflammatory,inflammatory
4440.png,epithelial,epithelial
13285.png,others,inflammatory
4660.png,epithelial,epithelial
13271.png,inflammatory,inflammatory
22245.png,fibroblast,epithelial
18891.png,inflammatory,fibroblast
4745.png,epithelial,epithelial
5481.png,fibroblast,fibroblast
18444.png,inflammatory,inflammatory
4785.png,epithelial,epithelial
10231.png,epithelial,epithelial
13317.png,epithelial,epithelial
4638.png,epithelial,epithelial
20516.png,fibroblast,fibroblast
17818.png,others,inflammatory
13403.png,fibroblast,fibroblast
4801.png,epithelial,epithelial
8883.png,epithelial,epithelial
17422.png,others,inflammatory
3598.png,epithelial,epithelial
13316.png,epithelial,epithelial
18367.png,inflammatory,inflammatory
8581.png,epithelial,epithelial
20168.png,fibroblast,epithelial
8738.png,epithelial,epithelial
4668.png,fibroblast,inflammatory
19824.png,inflammatory,epithelial
257.png,inflammatory,inflammatory
3454.png,epithelial,epithelial
9158.png,inflammatory,epithelial
9244.png,epithelial,epithelial
17181.png,inflammatory,inflammatory
8721.png,epithelial,epithelial
310.png,epithelial,epithelial
3930.png,epithelial,epithelial
10043.png,epithelial,epithelial
1209.png,epithelial,epithelial
9349.png,epithelial,epithelial
11860.png,fibroblast,inflammatory
8009.png,epithelial,epithelial
13229.png,fibroblast,fibroblast
1027.png,epithelial,epithelial
9165.png,inflammatory,inflammatory
20574.png,inflammatory,inflammatory
19040.png,fibroblast,epithelial
17236.png,inflammatory,inflammatory
4760.png,epithelial,epithelial
5654.png,epithelial,epithelial
4864.png,epithelial,epithelial
5661.png,epithelial,epithelial
3070.png,epithelial,epithelial
17465.png,fibroblast,fibroblast
21225.png,inflammatory,inflammatory
7696.png,fibroblast,fibroblast
3984.png,others,others
13599.png,epithelial,epithelial
4306.png,fibroblast,fibroblast
13996.png,epithelial,epithelial
9448.png,epithelial,epithelial
13447.png,inflammatory,inflammatory
1062.png,inflammatory,inflammatory
9425.png,epithelial,epithelial
5544.png,epithelial,epithelial
13265.png,inflammatory,epithelial
3082.png,epithelial,epithelial
13909.png,epithelial,epithelial
3300.png,epithelial,epithelial
13326.png,epithelial,epithelial
8917.png,epithelial,epithelial
11331.png,epithelial,epithelial
7807.png,inflammatory,inflammatory
4999.png,epithelial,epithelial
4222.png,inflammatory,inflammatory
3462.png,epithelial,epithelial
14065.png,epithelial,epithelial
1269.png,others,epithelial
13501.png,inflammatory,epithelial
16774.png,fibroblast,fibroblast
20034.png,fibroblast,epithelial
138.png,fibroblast,fibroblast
17399.png,others,fibroblast
256.png,inflammatory,inflammatory
3006.png,fibroblast,epithelial
8468.png,epithelial,epithelial
4437.png,epithelial,epithelial
3201.png,epithelial,epithelial
8124.png,inflammatory,inflammatory
7767.png,fibroblast,fibroblast
4870.png,epithelial,epithelial
17129.png,inflammatory,epithelial
8087.png,fibroblast,fibroblast
19794.png,inflammatory,inflammatory
11914.png,others,inflammatory
18690.png,inflammatory,inflammatory
887.png,inflammatory,epithelial
3861.png,epithelial,epithelial
11846.png,epithelial,epithelial
11902.png,inflammatory,inflammatory
20179.png,fibroblast,inflammatory
9270.png,others,fibroblast
17168.png,inflammatory,inflammatory
20307.png,inflammatory,epithelial
3545.png,epithelial,epithelial
13296.png,others,fibroblast
1212.png,fibroblast,epithelial
1164.png,epithelial,epithelial
3407.png,others,inflammatory
4038.png,epithelial,epithelial
42.png,fibroblast,fibroblast
22238.png,fibroblast,fibroblast
1462.png,epithelial,epithelial
3610.png,epithelial,epithelial
16476.png,fibroblast,fibroblast
3068.png,epithelial,epithelial
13979.png,epithelial,epithelial
17262.png,fibroblast,fibroblast
20105.png,fibroblast,fibroblast
9003.png,fibroblast,inflammatory
3330.png,epithelial,inflammatory
3624.png,epithelial,epithelial
13836.png,others,inflammatory
4468.png,fibroblast,epithelial
20306.png,inflammatory,epithelial
12194.png,epithelial,epithelial
4183.png,inflammatory,inflammatory
18892.png,inflammatory,inflammatory
21205.png,inflammatory,fibroblast
3763.png,fibroblast,fibroblast
9018.png,fibroblast,inflammatory
8840.png,epithelial,epithelial
1446.png,epithelial,inflammatory
16918.png,inflammatory,inflammatory
10136.png,epithelial,epithelial
13608.png,epithelial,epithelial
17071.png,inflammatory,inflammatory
4557.png,epithelial,epithelial
17416.png,others,fibroblast
15791.png,inflammatory,inflammatory
9968.png,inflammatory,inflammatory
15970.png,others,fibroblast
16840.png,fibroblast,fibroblast
4313.png,epithelial,epithelial
1227.png,fibroblast,epithelial
1491.png,epithelial,inflammatory
9466.png,epithelial,epithelial
13518.png,epithelial,epithelial
20056.png,fibroblast,epithelial
19854.png,inflammatory,inflammatory
8856.png,epithelial,epithelial
5556.png,epithelial,epithelial
8631.png,epithelial,epithelial
15783.png,inflammatory,inflammatory
8548.png,epithelial,epithelial
898.png,inflammatory,inflammatory
13535.png,epithelial,epithelial
14039.png,epithelial,inflammatory
3483.png,epithelial,epithelial
9389.png,epithelial,epithelial
17330.png,others,inflammatory
600.png,epithelial,epithelial
54.png,fibroblast,inflammatory
12053.png,inflammatory,inflammatory
9447.png,epithelial,epithelial
8692.png,others,epithelial
12135.png,epithelial,inflammatory
3156.png,epithelial,epithelial
17469.png,fibroblast,fibroblast
8238.png,epithelial,epithelial
1527.png,fibroblast,fibroblast
20334.png,fibroblast,epithelial
4240.png,inflammatory,inflammatory
19870.png,inflammatory,inflammatory
14059.png,epithelial,epithelial
22289.png,fibroblast,inflammatory
8290.png,epithelial,epithelial
9039.png,fibroblast,fibroblast
16855.png,inflammatory,inflammatory
12099.png,others,fibroblast
4512.png,epithelial,epithelial
251.png,inflammatory,inflammatory
3581.png,epithelial,epithelial
4189.png,inflammatory,inflammatory
1291.png,others,epithelial
13868.png,others,epithelial
16525.png,inflammatory,inflammatory
4268.png,epithelial,epithelial
18929.png,inflammatory,inflammatory
5564.png,epithelial,epithelial
18546.png,others,others
990.png,epithelial,epithelial
3866.png,epithelial,epithelial
20102.png,fibroblast,fibroblast
8850.png,epithelial,epithelial
13272.png,inflammatory,fibroblast
13541.png,epithelial,epithelial
3428.png,epithelial,epithelial
18141.png,inflammatory,inflammatory
19805.png,inflammatory,inflammatory
4937.png,epithelial,epithelial
3512.png,epithelial,epithelial
13457.png,inflammatory,inflammatory
399.png,others,inflammatory
684.png,inflammatory,epithelial
8772.png,epithelial,epithelial
3917.png,epithelial,epithelial
22377.png,others,inflammatory
423.png,others,epithelial
21130.png,fibroblast,inflammatory
20372.png,inflammatory,inflammatory
18346.png,fibroblast,fibroblast
9236.png,epithelial,epithelial
16568.png,fibroblast,fibroblast
15745.png,inflammatory,epithelial
16597.png,others,epithelial
8597.png,epithelial,epithelial
9134.png,inflammatory,inflammatory
5474.png,fibroblast,fibroblast
3579.png,epithelial,epithelial
16635.png,others,fibroblast
623.png,epithelial,epithelial
20560.png,fibroblast,fibroblast
11768.png,others,fibroblast
647.png,epithelial,epithelial
8245.png,epithelial,epithelial
1101.png,others,inflammatory
4284.png,epithelial,inflammatory
8676.png,others,epithelial
227.png,inflammatory,inflammatory
7762.png,fibroblast,fibroblast
20365.png,inflammatory,inflammatory
8079.png,fibroblast,inflammatory
13759.png,others,inflammatory
5004.png,epithelial,epithelial
10126.png,epithelial,epithelial
4575.png,epithelial,epithelial
4903.png,epithelial,epithelial
1463.png,epithelial,inflammatory
13664.png,epithelial,epithelial
15848.png,others,inflammatory
20239.png,fibroblast,fibroblast
16496.png,fibroblast,fibroblast
20556.png,fibroblast,fibroblast
18620.png,fibroblast,fibroblast
17130.png,inflammatory,inflammatory
13721.png,others,inflammatory
17505.png,fibroblast,fibroblast
13470.png,inflammatory,inflammatory
8188.png,epithelial,epithelial
16845.png,fibroblast,epithelial
877.png,inflammatory,inflammatory
3286.png,epithelial,inflammatory
11989.png,epithelial,epithelial
3755.png,fibroblast,inflammatory
18330.png,fibroblast,fibroblast
17592.png,others,inflammatory
120.png,epithelial,epithelial
11287.png,fibroblast,fibroblast
415.png,others,epithelial
10141.png,epithelial,epithelial
3772.png,fibroblast,fibroblast
3228.png,fibroblast,inflammatory
17280.png,inflammatory,inflammatory
13972.png,epithelial,epithelial
13659.png,epithelial,epithelial
3187.png,epithelial,epithelial
4191.png,inflammatory,inflammatory
1395.png,others,inflammatory
4547.png,epithelial,epithelial
4599.png,epithelial,epithelial
16937.png,inflammatory,fibroblast
5512.png,others,epithelial
3393.png,others,inflammatory
9440.png,epithelial,epithelial
4208.png,inflammatory,inflammatory
4619.png,epithelial,epithelial
1015.png,epithelial,epithelial
9173.png,others,inflammatory
20209.png,fibroblast,epithelial
1282.png,others,epithelial
1034.png,inflammatory,inflammatory
3767.png,fibroblast,fibroblast
17155.png,inflammatory,inflammatory
16743.png,others,others
17094.png,inflammatory,inflammatory
4919.png,epithelial,epithelial
18953.png,others,others
18615.png,fibroblast,fibroblast
13770.png,others,fibroblast
19026.png,inflammatory,inflammatory
3466.png,epithelial,epithelial
3158.png,epithelial,epithelial
14080.png,epithelial,epithelial
5528.png,epithelial,epithelial
11280.png,fibroblast,inflammatory
16709.png,others,inflammatory
16895.png,inflammatory,inflammatory
8478.png,epithelial,epithelial
3174.png,epithelial,epithelial
11925.png,epithelial,epithelial
1356.png,epithelial,epithelial
3815.png,epithelial,epithelial
3975.png,others,others
194.png,inflammatory,inflammatory
18082.png,fibroblast,epithelial
17474.png,fibroblast,epithelial
3325.png,epithelial,epithelial
4741.png,epithelial,epithelial
9206.png,epithelial,epithelial
12263.png,epithelial,epithelial
14042.png,epithelial,epithelial
3157.png,epithelial,epithelial
4121.png,inflammatory,inflammatory
3098.png,epithelial,epithelial
609.png,epithelial,epithelial
489.png,epithelial,epithelial
4478.png,others,inflammatory
8362.png,epithelial,epithelial
2994.png,fibroblast,inflammatory
17138.png,inflammatory,epithelial
8422.png,epithelial,epithelial
13593.png,epithelial,epithelial
777.png,epithelial,epithelial
12239.png,epithelial,epithelial
1392.png,others,epithelial
13517.png,epithelial,epithelial
3988.png,others,epithelial
11347.png,epithelial,epithelial
8122.png,inflammatory,inflammatory
13489.png,inflammatory,inflammatory
19842.png,inflammatory,epithelial
228.png,inflammatory,inflammatory
17763.png,others,fibroblast
20329.png,fibroblast,epithelial
19807.png,inflammatory,inflammatory
14043.png,epithelial,inflammatory
17728.png,inflammatory,inflammatory
4193.png,inflammatory,inflammatory
8611.png,epithelial,epithelial
13859.png,others,inflammatory
8967.png,epithelial,epithelial
7995.png,epithelial,fibroblast
18681.png,inflammatory,inflammatory
9992.png,inflammatory,inflammatory
8090.png,inflammatory,inflammatory
1167.png,epithelial,epithelial
3334.png,epithelial,epithelial
21166.png,inflammatory,inflammatory
8853.png,epithelial,epithelial
18443.png,inflammatory,inflammatory
7744.png,fibroblast,fibroblast
8854.png,epithelial,epithelial
16539.png,inflammatory,inflammatory
11922.png,others,fibroblast
13576.png,epithelial,epithelial
8771.png,epithelial,epithelial
16479.png,fibroblast,fibroblast
4366.png,epithelial,epithelial
9082.png,fibroblast,inflammatory
3269.png,others,inflammatory
19055.png,inflammatory,inflammatory
3782.png,inflammatory,inflammatory
18837.png,fibroblast,fibroblast
13619.png,epithelial,epithelial
8556.png,epithelial,epithelial
529.png,epithelial,epithelial
3287.png,epithelial,inflammatory
7951.png,epithelial,epithelial
11301.png,others,epithelial
15801.png,inflammatory,epithelial
16906.png,inflammatory,inflammatory
8365.png,epithelial,epithelial
13303.png,epithelial,epithelial
3804.png,epithelial,epithelial
12227.png,epithelial,epithelial
1397.png,others,inflammatory
901.png,inflammatory,inflammatory
20237.png,fibroblast,fibroblast
10232.png,epithelial,epithelial
16450.png,fibroblast,inflammatory
1338.png,epithelial,epithelial
635.png,epithelial,epithelial
9899.png,fibroblast,inflammatory
10214.png,inflammatory,inflammatory
72.png,inflammatory,inflammatory
8514.png,epithelial,epithelial
17790.png,others,inflammatory
3939.png,fibroblast,epithelial
9972.png,inflammatory,inflammatory
4079.png,epithelial,epithelial
9340.png,epithelial,epithelial
13738.png,others,inflammatory
1328.png,epithelial,epithelial
20301.png,inflammatory,fibroblast
3177.png,epithelial,epithelial
15750.png,inflammatory,inflammatory
8237.png,epithelial,epithelial
13585.png,epithelial,epithelial
18602.png,fibroblast,fibroblast
1401.png,others,fibroblast
20313.png,others,inflammatory
1287.png,others,epithelial
4559.png,epithelial,epithelial
11370.png,epithelial,epithelial
13514.png,epithelial,epithelial
22329.png,inflammatory,inflammatory
4239.png,inflammatory,inflammatory
8431.png,epithelial,epithelial
8169.png,epithelial,epithelial
17582.png,inflammatory,inflammatory
17531.png,inflammatory,inflammatory
4464.png,fibroblast,inflammatory
22251.png,fibroblast,epithelial
22273.png,fibroblast,fibroblast
1403.png,others,fibroblast
1254.png,inflammatory,epithelial
8939.png,epithelial,epithelial
20548.png,fibroblast,fibroblast
13368.png,fibroblast,epithelial
13450.png,inflammatory,epithelial
13674.png,fibroblast,fibroblast
17704.png,fibroblast,fibroblast
7827.png,inflammatory,inflammatory
17213.png,inflammatory,epithelial
8011.png,epithelial,epithelial
4958.png,epithelial,epithelial
13717.png,inflammatory,inflammatory
966.png,epithelial,epithelial
16739.png,others,fibroblast
274.png,others,inflammatory
13315.png,epithelial,epithelial
17568.png,inflammatory,inflammatory
417.png,others,epithelial
7998.png,epithelial,fibroblast
18121.png,fibroblast,fibroblast
15773.png,inflammatory,epithelial
22353.png,others,inflammatory
9029.png,fibroblast,fibroblast
4250.png,inflammatory,inflammatory
16980.png,inflammatory,inflammatory
740.png,inflammatory,inflammatory
19027.png,inflammatory,inflammatory
663.png,epithelial,epithelial
13803.png,others,inflammatory
4112.png,inflammatory,fibroblast
9977.png,inflammatory,inflammatory
16823.png,fibroblast,fibroblast
3949.png,fibroblast,epithelial
20225.png,fibroblast,inflammatory
17569.png,inflammatory,inflammatory
3308.png,epithelial,epithelial
16469.png,fibroblast,fibroblast
19031.png,inflammatory,inflammatory
4800.png,epithelial,epithelial
22280.png,fibroblast,inflammatory
4684.png,fibroblast,inflammatory
12277.png,epithelial,epithelial
1484.png,epithelial,epithelial
18379.png,inflammatory,inflammatory
22309.png,inflammatory,inflammatory
51.png,fibroblast,fibroblast
4806.png,epithelial,epithelial
11921.png,others,inflammatory
12145.png,epithelial,epithelial
9055.png,fibroblast,inflammatory
13929.png,epithelial,epithelial
3408.png,others,inflammatory
4532.png,epithelial,epithelial
1315.png,epithelial,epithelial
13480.png,inflammatory,inflammatory
18107.png,fibroblast,fibroblast
18340.png,fibroblast,epithelial
20215.png,fibroblast,epithelial
12100.png,others,fibroblast
4344.png,epithelial,epithelial
16994.png,inflammatory,inflammatory
523.png,epithelial,epithelial
8416.png,epithelial,epithelial
11936.png,epithelial,epithelial
379.png,others,inflammatory
11898.png,inflammatory,inflammatory
16702.png,others,fibroblast
12231.png,epithelial,inflammatory
17075.png,inflammatory,inflammatory
1346.png,epithelial,epithelial
3640.png,epithelial,epithelial
976.png,epithelial,inflammatory
18621.png,fibroblast,fibroblast
4614.png,epithelial,epithelial
19802.png,inflammatory,inflammatory
16846.png,inflammatory,inflammatory
11900.png,inflammatory,inflammatory
1359.png,fibroblast,inflammatory
791.png,epithelial,epithelial
1416.png,epithelial,epithelial
1609.png,epithelial,epithelial
8689.png,others,epithelial
9129.png,inflammatory,inflammatory
13641.png,epithelial,epithelial
816.png,epithelial,inflammatory
20218.png,fibroblast,others
12164.png,epithelial,epithelial
3459.png,epithelial,epithelial
4998.png,epithelial,epithelial
11924.png,others,inflammatory
4071.png,epithelial,epithelial
1224.png,fibroblast,epithelial
22330.png,inflammatory,inflammatory
20092.png,fibroblast,epithelial
15823.png,inflammatory,epithelial
18442.png,inflammatory,inflammatory
4064.png,epithelial,epithelial
1501.png,epithelial,inflammatory
1278.png,others,inflammatory
22341.png,inflammatory,fibroblast
4563.png,epithelial,epithelial
5530.png,epithelial,epithelial
18994.png,fibroblast,fibroblast
16745.png,others,others
14013.png,epithelial,epithelial
4641.png,epithelial,epithelial
373.png,others,inflammatory
534.png,epithelial,epithelial
14.png,fibroblast,fibroblast
8162.png,epithelial,fibroblast
20174.png,fibroblast,fibroblast
16653.png,others,fibroblast
258.png,inflammatory,inflammatory
8831.png,epithelial,epithelial
13787.png,others,inflammatory
17265.png,fibroblast,fibroblast
16601.png,others,epithelial
13428.png,inflammatory,inflammatory
12216.png,epithelial,epithelial
209.png,inflammatory,inflammatory
20094.png,fibroblast,epithelial
3611.png,epithelial,epithelial
22354.png,others,fibroblast
8557.png,epithelial,epithelial
11365.png,epithelial,epithelial
8988.png,fibroblast,fibroblast
8708.png,epithelial,epithelial
7680.png,fibroblast,epithelial
8485.png,epithelial,epithelial
18463.png,others,inflammatory
8609.png,epithelial,epithelial
512.png,epithelial,epithelial
17810.png,others,inflammatory
20128.png,fibroblast,fibroblast
15844.png,inflammatory,inflammatory
18396.png,inflammatory,inflammatory
16604.png,others,others
20281.png,inflammatory,epithelial
8866.png,epithelial,epithelial
1081.png,others,fibroblast
17753.png,others,fibroblast
16751.png,others,fibroblast
13863.png,others,inflammatory
13781.png,others,inflammatory
9043.png,fibroblast,epithelial
1295.png,others,epithelial
22296.png,inflammatory,inflammatory
1399.png,others,epithelial
4023.png,epithelial,epithelial
3983.png,others,epithelial
16849.png,inflammatory,inflammatory
5502.png,others,inflammatory
16465.png,fibroblast,fibroblast
133.png,fibroblast,fibroblast
13616.png,epithelial,epithelial
17367.png,others,fibroblast
17324.png,others,fibroblast
3384.png,others,epithelial
16768.png,fibroblast,epithelial
18950.png,others,inflammatory
3207.png,epithelial,epithelial
3501.png,epithelial,epithelial
4027.png,epithelial,epithelial
8880.png,epithelial,epithelial
3989.png,others,inflammatory
16882.png,inflammatory,inflammatory
12192.png,epithelial,epithelial
1610.png,epithelial,epithelial
132.png,fibroblast,inflammatory
3623.png,epithelial,epithelial
7991.png,epithelial,epithelial
20101.png,fibroblast,fibroblast
13923.png,epithelial,epithelial
985.png,epithelial,epithelial
1439.png,epithelial,inflammatory
4486.png,others,fibroblast
16569.png,fibroblast,epithelial
35.png,fibroblast,inflammatory
598.png,epithelial,epithelial
832.png,fibroblast,inflammatory
9358.png,epithelial,epithelial
3257.png,inflammatory,inflammatory
4299.png,fibroblast,fibroblast
5665.png,epithelial,epithelial
20109.png,fibroblast,fibroblast
5612.png,epithelial,epithelial
4939.png,epithelial,epithelial
8322.png,others,inflammatory
5002.png,epithelial,epithelial
4836.png,epithelial,epithelial
657.png,epithelial,epithelial
16776.png,fibroblast,fibroblast
8641.png,fibroblast,epithelial
4495.png,epithelial,epithelial
741.png,inflammatory,inflammatory
13220.png,fibroblast,fibroblast
14015.png,epithelial,epithelial
8249.png,epithelial,epithelial
13394.png,fibroblast,epithelial
13595.png,epithelial,fibroblast
3251.png,fibroblast,inflammatory
17539.png,inflammatory,inflammatory
8052.png,epithelial,epithelial
1256.png,inflammatory,epithelial
19832.png,inflammatory,inflammatory
13587.png,epithelial,epithelial
20549.png,fibroblast,fibroblast
3371.png,others,inflammatory
7883.png,inflammatory,inflammatory
7722.png,fibroblast,fibroblast
9011.png,fibroblast,inflammatory
917.png,inflammatory,inflammatory
18589.png,fibroblast,fibroblast
4145.png,inflammatory,fibroblast
10190.png,fibroblast,fibroblast
18904.png,inflammatory,inflammatory
795.png,epithelial,epithelial
20207.png,fibroblast,fibroblast
14069.png,epithelial,epithelial
4117.png,inflammatory,inflammatory
7718.png,fibroblast,epithelial
5598.png,epithelial,epithelial
9050.png,fibroblast,fibroblast
19948.png,inflammatory,epithelial
12025.png,inflammatory,inflammatory
7860.png,inflammatory,inflammatory
895.png,inflammatory,epithelial
4032.png,epithelial,epithelial
3485.png,epithelial,epithelial
17072.png,inflammatory,inflammatory
10217.png,others,epithelial
15816.png,inflammatory,inflammatory
4487.png,epithelial,epithelial
7872.png,inflammatory,inflammatory
5617.png,epithelial,epithelial
8458.png,epithelial,epithelial
4429.png,epithelial,epithelial
7892.png,inflammatory,inflammatory
8713.png,epithelial,epithelial
17327.png,others,others
16974.png,inflammatory,epithelial
1166.png,epithelial,epithelial
21221.png,inflammatory,inflammatory
1576.png,epithelial,epithelial
21197.png,inflammatory,inflammatory
17491.png,fibroblast,fibroblast
4433.png,epithelial,epithelial
1260.png,inflammatory,epithelial
3795.png,epithelial,epithelial
20195.png,fibroblast,fibroblast
3267.png,inflammatory,inflammatory
22432.png,others,inflammatory
1522.png,fibroblast,fibroblast
556.png,epithelial,epithelial
8810.png,epithelial,epithelial
7914.png,epithelial,epithelial
9997.png,inflammatory,inflammatory
12224.png,epithelial,epithelial
277.png,epithelial,epithelial
204.png,inflammatory,inflammatory
1217.png,fibroblast,epithelial
1271.png,others,epithelial
4029.png,epithelial,epithelial
3042.png,inflammatory,inflammatory
9268.png,others,inflammatory
3076.png,epithelial,epithelial
18162.png,inflammatory,epithelial
17756.png,others,inflammatory
10132.png,epithelial,epithelial
13370.png,fibroblast,fibroblast
17086.png,inflammatory,inflammatory
19796.png,inflammatory,inflammatory
16449.png,fibroblast,inflammatory
21201.png,inflammatory,inflammatory
11996.png,epithelial,epithelial
4401.png,epithelial,epithelial
4728.png,epithelial,epithelial
4450.png,epithelial,epithelial
15847.png,others,inflammatory
17478.png,fibroblast,inflammatory
4985.png,epithelial,epithelial
11828.png,epithelial,epithelial
3259.png,inflammatory,inflammatory
9944.png,inflammatory,inflammatory
12107.png,others,epithelial
1270.png,others,inflammatory
3626.png,epithelial,fibroblast
13384.png,fibroblast,epithelial
20231.png,fibroblast,epithelial
8848.png,epithelial,epithelial
18678.png,inflammatory,inflammatory
4337.png,epithelial,epithelial
911.png,inflammatory,inflammatory
203.png,inflammatory,inflammatory
9476.png,epithelial,epithelial
7785.png,fibroblast,fibroblast
21182.png,inflammatory,inflammatory
12006.png,fibroblast,inflammatory
7837.png,inflammatory,inflammatory
